currentname,index,secondaryaddressableobjectname,primaryaddressableobjectname,designatedstreetname,localityname,townname,administrativeareaname,Postcode,Country,phonenumber,url,dbentryupdated,units,source
Applied Energy Products Ltd,20001,,,Morley Way,,Peterborough,,PE2 9JJ,,08709 000430,www.applied-energy.com/en/xpelair,2007/Sep/15 07:20,0,0
Vent Axia Ltd,20002,,,Fleming Way,,Crawley,West Sussex,RH10 9YX,,01293 441535,www.vent-axia.co.uk,2007/Sep/15 07:16,0,0
The Nuaire Group,20003,,Western Industrial Estate,,,Caerphilly,,CF83 1NA,,029 2085 8200,www.nuaire.co.uk,2007/Sep/15 07:09,0,0
Greenwood Air Management Ltd,20004,,Greenwood House,Brookside Avenue,,Rustington,West Sussex,BN16 3LH,,01903 771021,www.greenwood.co.uk,2007/Sep/15 07:08,0,0
Zenex Technologies Ltd,20006,Technical Centre,Unit 2,Broadly Park Road Industrial Estate,,Roborough,Plymouth,PL6 7EZ,,01752 696003,www.zenexenergy.com,2007/Sep/15 07:14,0,0
Titon,20007,,International House,Peartree Road,Stanway,Colchester,Essex,CO3 0JL,,01206 713800,www.titon.co.uk,2007/Sep/15 07:10,0,0
Passivent Ltd,20008,,,2 Brooklands Road,,Sale,Cheshire,M33 3SS,,0161 962 7113,www.passivent.com,2007/Sep/15 07:04,0,0
Vortice Ltd,20009,Beeches House,,Beeches Avenue,,Burton-on-Trent,,DE13 0BB,,01283 492949,www.vortice.ltd.uk,2008/Jan/27 08:41,0,0
Villavent Ltd,20010,,,Avenue 2,Station Lane Industrial Estate,Witney,Oxfordshire,OX28 4YL,,01993 778481,www.villavent.co.uk,2007/Oct/06 12:40,0,0
Vectaire Ltd,20011,,,Lincoln Road,Cressex Business Park,High Wycombe,Bucks,HP12 3RH,,01494 522333,www.vectaire.co.uk,2007/Nov/23 20:10,0,0
MTD Solutions Ltd,20012,,8 Burgage House,,,Blessington,Co. Wicklow,,Ireland,+353 45 900 590,www.mtd-solutions.com,2008/Mar/02 16:17,0,0
Johnson & Starley Ltd,20013,,,Rhosili Road,Brackmills,Northampton,,NN4 7LZ,,01604 762881,www.johnsonandstarleyltd.co.uk,2008/Apr/01 13:02,0,0
Itho Ventilation Ltd,20014,10 Faraday Court,,First Avenue,Centrum 100,Burton on Trent,Staffordshire,DE14 2WX,,0870 460 6741,www.itho.co.uk,2008/May/03 08:44,0,0
Helios Ventilation Systems Ltd,20015,Crown Gate,Wyncolls Road,The Seedbed Centre,Severalls Industrial Park,Colchester,,CO4 9HT,,01206 228500,www.heliosfans.co.uk,2008/Apr/19 11:34,0,0
ProAir Heat Recovery Ventilation Systems Ltd,20016,,Weir Road Business Park,,,Tuam,Co Galway,,Ireland,+353 93 60892,www.proair.ie,2008/May/03 11:03,0,0
Airflow Developments Ltd,20017,,,Lancaster Road,Cressex Business Park,High Wycombe,,HP12 3QP,,01494 525252,www.airflow.co.uk,2008/May/03 12:30,0,0
National Ventilation,20018,,,Stathe Road,,Burrowbridge,Somerset,TA7 0RY,,01823 690290,www.nationalventilation.co.uk,2008/Jul/09 18:51,0,0
Intervent Ventilation Systems Ltd,20019,Unit 3,Prime Buildings,Daux Road,,Billinghurst,West Sussex,RH14 9SJ,,01403 785300,www.intervent-group.co.uk,2008/Jul/26 11:32,0,0
Orcon B.V.,20020,,,Storkstraat 23,,Veenendaal,,3905 KX,The Netherlands,00353 94 9621921,www.renewit.ie,2008/Jul/26 12:28,0,0
Paul Waermerueckgewinnung Gmbh,20021,,,Vettermannstr. 1-5,,D-08132 Muelsen,,,Germany,01484 461705,www.paulventilation.co.uk,2008/Jul/26 12:50,0,0
Vallox Oy,20022,,,Myllykläntie 9-11,,32200 Loimaa,,,Finland,01494 525252,www.vallox.com,2008/Jul/26 13:02,0,0
Ubbink (UK) Ltd,20023,,,Borough Road,,Brackely,Northants,NN13 7TB,,01280 700211,www.ubbink.co.uk,2008/Sep/12 19:10,0,0
Itho BV,20024,,,Adm. de Ruyterstraat 2,,3115 HB Schiedam,Postbus 21,,The Netherlands,,www.itho.nl/xpelairbyitho,2008/Sep/30 15:20,0,0
Ravenheat Manufacturing Ltd,20025,,,Chartists Way,Morley,Leeds,,LS27 9ET,,0113 252 7007,www.ravenheat.co.uk,2008/Oct/18 17:29,0,0
EDPAC International Ltd,20026,,,,Carrigaline Industrial Park,Carrigaline,Co. Cork,,Ireland,+353 21 4372850,www.edpac.com,2008/Dec/13 10:38,0,0
EnviroVent Ltd,20027,,EnviroVent House,,Horbeam Business Park,Harrogate,,HG2 8PA,,01423 810810,www.envirovent.com,2009/Jan/12 07:24,0,0
Enervent Oy Ab,20028,,,Kipinätie 1,,06150 Porvoo,,,Finland,+358 207 5288 00,www.enervent.fi,2009/Jan/12 07:29,0,0
Alpha Heating Innovation Ltd,20029,,Nepitar House,London Road,Wrotham Heath,Sevenoaks,Kent,TN15 7RS,,01732 783000,www.alpha-innovation.co.uk,2009/Jan/12 07:57,0,0
Aldes,20030,,,20 Boulevard Joliot Curie,,69694 Vénissieux Cedex,,,France,+33 4 78 77 15 15,www.aldes.com,2009/Jan/19 08:41,0,0
Nide Energy Systems Ltd,20031,,3C Broom Business Park,Bridge Way,,Chesterfield,,S41 9QG,,0845 095 1200,www.nibe.co.uk,2009/Jan/19 18:41,0,0
